SA/DA,매체,날짜,노출수,클릭수,광고비용,CTR,CPC,전환수,전환값,CPA
-,구글,2026-06-30,28694,112,146794.395,0.3903,1311,3,127164,48931
-,구글,2026-06-29,29088,69,160725.84,0.2372,2329,29,925260,5542
-,구글,2026-06-28,83886,199,410893.505,0.2372,2065,49,1605988,8386
-,구글,2026-06-27,45343,206,237339.3,0.4543,1152,28,1048078,8476
-,구글,2026-06-26,22287,17,165718.795,0.0763,9748,0,0,0
-,구글,2026-06-23,368,2,1860.815,0.5435,930,1,0,1861
-,구글,2026-06-22,8923,63,52559.485,0.706,834,7,531193,7508
-,구글,2026-06-21,41914,228,210895.74,0.544,925,13,319161,16223
-,구글,2026-06-20,13649,174,61505.565,1.2748,353,4,156646,15376
-,구글,2026-06-19,6291,57,33141.735,0.9061,581,2,109177,16571
-,구글,2026-06-18,3238,10,14461.48,0.3088,1446,6,115482,2410
-,구글,2026-06-17,3298,12,13446.95,0.3639,1121,5,161014,2689
-,구글,2026-06-16,2076,8,9953.02,0.3854,1244,4,250520,2488
-,구글,2026-06-15,2262,4,9350.88,0.1768,2338,4,89509,2338
-,구글,2026-06-14,1431,3,6178.26,0.2096,2059,3,19309,2059
-,구글,2026-06-13,2927,8,15999.72,0.2733,2000,4,35578,4000
-,구글,2026-06-12,2053,11,10496.97,0.5358,954,2,33362,5248
-,구글,2026-06-11,1285,3,9264.86,0.2335,3088,4,147770,2316
-,구글,2026-06-10,2826,8,17756.805,0.2831,2220,1,0,17757
-,구글,2026-06-09,2311,5,9435.635,0.2164,1887,7,158146,1348
-,구글,2026-06-08,3936,7,13588.63,0.1778,1941,16,715846,849
-,구글,2026-06-07,4435,13,10708.225,0.2931,824,0,0,0
-,구글,2026-06-06,3762,12,9010.595,0.319,751,0,0,0
-,구글,2026-06-05,2983,10,13992.165,0.3352,1399,0,0,0
-,구글,2026-06-04,2714,8,13042.15,0.2948,1630,0,0,0
-,구글,2026-06-03,5565,25,25177.295,0.4492,1007,0,0,0
-,구글,2026-06-02,1888,5,7782.28,0.2648,1556,0,0,0
-,구글,2026-06-01,5761,13,23771.88,0.2257,1829,0,0,0
-,구글,2026-05-31,13770,53,59229.83,0.3849,1118,0,0,0
-,구글,2026-05-30,6786,50,31993.115,0.7368,640,6,156519,5332
-,구글,2026-05-29,7617,80,41145.39,1.0503,514,7,144826,5878
-,구글,2026-05-28,13306,106,65965.955,0.7966,622,9,708991,7330
-,구글,2026-05-27,9904,64,49084.53,0.6462,767,6,16314,8181
-,구글,2026-05-26,13130,73,57806.705,0.556,792,9,206335,6423
-,구글,2026-05-25,10634,57,44156.09,0.536,775,5,67801,8831
-,구글,2026-05-24,17358,74,41195.99,0.4263,557,12,343067,3433
-,구글,2026-05-23,17873,131,40239.65,0.7329,307,7,172685,5749
-,구글,2026-05-22,26864,165,61308.225,0.6142,372,6,269211,10218
-,구글,2026-05-21,21579,104,62038.13,0.482,597,14,236892,4431
-,구글,2026-05-20,19919,152,78560.295,0.7631,517,8,242086,9820
-,구글,2026-05-19,10332,82,47751.22,0.7937,582,10,202949,4775
-,구글,2026-05-18,7943,56,31697.105,0.705,566,10,322883,3170
-,구글,2026-05-17,7793,60,26715.535,0.7699,445,7,84689,3817
-,구글,2026-05-16,12263,109,40688.725,0.8889,373,8,350855,5086
-,구글,2026-05-15,9386,89,27078.59,0.9482,304,3,404,9026
-,구글,2026-05-14,7880,99,27817.35,1.2563,281,5,46002,5563
-,구글,2026-05-13,12803,111,61458.76,0.867,554,8,322045,7682
-,구글,2026-05-12,18294,155,82867.62,0.8473,535,15,682483,5525
-,구글,2026-05-11,11761,174,59133.69,1.4795,340,3,153312,19711
-,구글,2026-05-10,1250,26,5087.83,2.08,196,1,45896,5088
-,구글,2026-05-09,1158,7,3702.655,0.6045,529,0,15650,0
-,구글,2026-05-08,3457,35,11769.56,1.0124,336,0,0,0
-,구글,2026-05-04,55054,562,389088.7,1.0208,692,42,4314428,9264
-,구글,2026-05-03,36958,579,290084.74,1.5666,501,66,1848299,4395
-,구글,2026-05-02,58306,252,208764.215,0.4322,828,55,2814204,3796
-,구글,2026-05-01,528824,1815,1373735.605,0.3432,757,150,9076590,9158
-,구글,2026-04-30,385710,1709,966782.575,0.4431,566,80,4295766,12085
-,구글,2026-04-29,117414,722,507506.615,0.6149,703,54,2170078,9398
-,구글,2026-04-28,12387,191,52536.715,1.5419,275,15,617933,3502
-,구글,2026-04-27,14736,145,47123.78,0.984,325,16,707828,2945
-,구글,2026-04-26,43878,876,318165.21,1.9964,363,22,427052,14462
-,구글,2026-04-25,26422,705,213209.425,2.6682,302,5,0,42642
-,구글,2026-04-24,11599,220,76017.645,1.8967,346,4,179600,19004
-,구글,2026-03-05,17167,148,34869.725,0.8621,236,0,0,0
-,구글,2026-03-04,90938,932,123762.54,1.0249,133,0,0,0
-,구글,2026-03-03,82946,997,112058.76,1.202,112,0,0,0
-,구글,2026-03-02,123745,1145,142426.35,0.9253,124,0,0,0
-,구글,2026-03-01,110296,806,190827.78,0.7308,237,0,0,0
-,구글,2026-02-28,79355,938,108777.35,1.182,116,0,0,0
-,구글,2026-02-27,94963,1035,131740.895,1.0899,127,0,0,0
-,구글,2026-02-26,88557,1002,143574.97,1.1315,143,0,0,0
-,구글,2026-02-25,91421,1042,143213.18,1.1398,137,0,0,0
-,구글,2026-02-24,97028,1025,158355.23,1.0564,154,0,0,0
-,구글,2026-02-23,101817,1000,155386.275,0.9822,155,0,0,0
-,구글,2026-02-22,111990,1127,182375.05,1.0063,162,1,0,182375
-,구글,2026-02-21,113436,1045,179837.46,0.9212,172,0,0,0
-,구글,2026-02-20,99679,1029,168247.53,1.0323,164,0,0,0
-,구글,2026-02-19,103558,951,174109.54,0.9183,183,0,0,0
-,구글,2026-02-18,38867,347,57412.025,0.8928,165,0,0,0
-,구글,2026-02-17,34950,373,48832.795,1.0672,131,0,0,0
-,구글,2026-02-16,35784,363,49813.17,1.0144,137,0,0,0
-,구글,2026-02-15,35413,339,52042.1,0.9573,154,0,0,0
-,구글,2026-02-14,35238,365,51504.475,1.0358,141,0,0,0
-,구글,2026-02-13,31822,355,55033.825,1.1156,155,0,0,0
-,구글,2026-02-12,31598,386,57358.895,1.2216,149,0,0,0
-,구글,2026-02-11,34125,350,53383,1.0256,153,0,0,0
-,구글,2026-02-10,34897,331,56171.06,0.9485,170,0,0,0
-,구글,2026-02-09,34773,363,54117.965,1.0439,149,0,0,0
-,구글,2026-02-08,35071,374,55933.24,1.0664,150,0,0,0
-,구글,2026-02-07,35139,364,58941.41,1.0359,162,0,0,0
-,구글,2026-02-06,37902,319,54295.065,0.8416,170,0,0,0
-,구글,2026-02-05,35106,350,50907.395,0.997,145,0,0,0
-,구글,2026-02-04,40938,421,62181.075,1.0284,148,0,0,0
-,구글,2026-02-03,38416,358,64713.605,0.9319,181,0,0,0
-,구글,2026-02-02,30085,285,66242.99,0.9473,232,0,0,0
-,구글,2026-02-01,5749,105,5714.005,1.8264,54,0,0,0
-,구글,2026-01-31,8357,81,16589.21,0.9692,205,0,0,0
-,구글,2026-01-30,10275,83,17278.635,0.8078,208,0,0,0
-,구글,2026-01-29,7405,93,17649.28,1.2559,190,0,0,0
-,구글,2026-01-28,7760,86,17549.345,1.1082,204,0,0,0
-,구글,2026-01-27,6559,87,17918.725,1.3264,206,0,0,0
-,구글,2026-01-26,8328,79,18790.31,0.9486,238,0,0,0
-,구글,2026-01-25,31373,343,55302.005,1.0933,161,0,0,0
-,구글,2026-01-24,30455,355,57505.635,1.1657,162,0,0,0
-,구글,2026-01-23,26971,340,56415.205,1.2606,166,0,0,0
-,구글,2026-01-22,26583,354,61425.87,1.3317,174,0,0,0
-,구글,2026-01-21,27751,385,64960.28,1.3873,169,0,0,0
-,구글,2026-01-20,27382,367,61597.91,1.3403,168,0,0,0
-,구글,2026-01-19,31560,388,63143.74,1.2294,163,0,0,0
-,구글,2026-01-18,32131,357,63395.475,1.1111,178,0,0,0
-,구글,2026-01-17,31397,352,63685.16,1.1211,181,0,0,0
-,구글,2026-01-16,30420,328,63867.32,1.0782,195,0,0,0
-,구글,2026-01-15,23613,353,62784.48,1.4949,178,0,0,0
-,구글,2026-01-14,27517,340,63343.61,1.2356,186,0,0,0
-,구글,2026-01-13,25934,372,62404.98,1.4344,168,0,0,0
-,구글,2026-01-12,29596,342,58726.36,1.1556,172,0,0,0
-,구글,2026-01-11,44291,541,95274.74,1.2215,176,0,0,0
-,구글,2026-01-10,47106,523,98457.48,1.1103,188,0,0,0
-,구글,2026-01-09,40911,508,95241.85,1.2417,187,0,0,0
-,구글,2026-01-08,38434,480,96750.995,1.2489,202,0,0,0
-,구글,2026-01-07,37986,523,93675.78,1.3768,179,0,0,0
-,구글,2026-01-06,43575,613,96029.945,1.4068,157,0,0,0
-,구글,2026-01-05,47102,583,101773.045,1.2377,175,0,0,0
-,구글,2026-01-04,57634,583,108081.6,1.0116,185,0,0,0
-,구글,2026-01-03,52083,579,105000.06,1.1117,181,0,0,0
-,구글,2026-01-02,48294,572,103245.505,1.1844,180,0,0,0
-,구글,2026-01-01,31437,448,51926.985,1.4251,116,0,0,0
DA,구글,2026-06-30,13310,55,86587.985,0.4132,1574,0,0,0
DA,구글,2026-06-29,18815,75,125856.115,0.3986,1678,0,0,0
DA,구글,2026-06-28,13063,60,86569.01,0.4593,1443,2,45800,43285
DA,구글,2026-06-27,21897,111,139911.53,0.5069,1260,0,0,0
DA,구글,2026-06-26,6875,31,53548.715,0.4509,1727,0,0,0
DA,구글,2026-06-22,1,0,0,0,0,0,0,0
DA,구글,2026-06-18,220,0,776.71,0,0,0,0,0
DA,구글,2026-06-17,117,0,527.505,0,0,0,0,0
DA,구글,2026-06-16,104,0,234.025,0,0,0,0,0
DA,구글,2026-06-15,272,0,574.31,0,0,0,0,0
DA,구글,2026-06-14,198,0,624.91,0,0,1,0,625
DA,구글,2026-06-13,640,0,1313.07,0,0,0,0,0
DA,구글,2026-06-12,104,0,253,0,0,0,0,0
DA,구글,2026-06-11,81,0,1653.355,0,0,0,0,0
DA,구글,2026-06-10,334,0,1375.055,0,0,6,221650,229
DA,구글,2026-06-09,203,0,1510.41,0,0,0,0,0
DA,구글,2026-06-08,290,0,1543.3,0,0,0,0,0
DA,구글,2026-06-07,98,1,346.61,1.0204,347,0,0,0
DA,구글,2026-06-06,259,0,1172.655,0,0,0,0,0
DA,구글,2026-06-05,336,0,1949.365,0,0,0,0,0
DA,구글,2026-06-04,183,0,938.63,0,0,0,0,0
DA,구글,2026-06-03,392,0,1383.91,0,0,0,0,0
DA,구글,2026-06-02,122,0,578.105,0,0,0,0,0
DA,구글,2026-06-01,175,0,1186.57,0,0,0,0,0
DA,구글,2026-05-31,109,0,600.875,0,0,0,0,0
DA,구글,2026-05-30,239,0,1326.985,0,0,0,0,0
DA,구글,2026-05-29,404,0,1583.78,0,0,1,0,1584
DA,구글,2026-05-28,497,2,2604.635,0.4024,1302,0,0,0
DA,구글,2026-05-27,148,0,603.405,0,0,0,0,0
DA,구글,2026-05-26,2464,7,11568.425,0.2841,1653,1,11400,11568
DA,구글,2026-05-25,3654,5,10927.07,0.1368,2185,1,0,10927
DA,구글,2026-05-24,4750,6,11205.37,0.1263,1868,1,0,11205
DA,구글,2026-05-23,3310,2,5285.17,0.0604,2643,0,0,0
DA,구글,2026-05-22,5472,11,10289.51,0.201,935,1,0,10290
DA,구글,2026-05-21,6901,9,9606.41,0.1304,1067,0,0,0
DA,구글,2026-05-20,7131,13,11403.975,0.1823,877,3,216680,3801
DA,구글,2026-05-19,4400,7,11969.43,0.1591,1710,2,30600,5985
DA,구글,2026-05-18,6559,16,11731.61,0.2439,733,1,0,11732
DA,구글,2026-05-17,9943,13,11254.705,0.1307,866,0,0,0
DA,구글,2026-05-16,8318,14,9892.3,0.1683,707,0,0,0
DA,구글,2026-05-15,936,2,4154.26,0.2137,2077,0,0,0
DA,구글,2026-05-14,1575,4,3025.88,0.254,756,0,0,0
DA,구글,2026-05-13,540,3,1286.505,0.5556,429,0,0,0
DA,구글,2026-05-12,164,0,513.59,0,0,0,0,0
DA,구글,2026-05-11,2,0,29.095,0,0,0,0,0
DA,구글,2026-05-08,1,0,2.53,0,0,0,0,0
DA,구글,2026-05-04,1298,1,9565.93,0.077,9566,0,0,0
DA,구글,2026-05-03,1050,4,7750.655,0.381,1938,0,0,0
DA,구글,2026-05-02,302,2,2727.34,0.6623,1364,0,0,0
DA,구글,2026-05-01,4180,54,31170.865,1.2919,577,0,0,0
DA,구글,2026-04-30,9,1,222.64,11.1111,223,0,0,0
DA,구글,2026-04-29,3,0,0,0,0,0,0,0
DA,구글,2026-04-26,37,0,0,0,0,0,0,0
DA,구글,2026-04-25,22,0,0,0,0,0,0,0
DA,구글,2026-03-05,26025,55,65519.41,0.2113,1191,0,0,0
DA,구글,2026-03-04,52541,105,134817.375,0.1998,1284,0,0,0
DA,구글,2026-03-03,58165,108,128392.44,0.1857,1189,0,0,0
DA,구글,2026-03-02,35217,78,95440.455,0.2215,1224,0,0,0
DA,구글,2026-03-01,16239,48,41642.535,0.2956,868,0,0,0
DA,구글,2026-02-28,59115,140,122505.13,0.2368,875,0,0,0
DA,구글,2026-02-27,46055,113,111070.795,0.2454,983,0,0,0
DA,구글,2026-02-26,41185,82,106385.235,0.1991,1297,0,0,0
DA,구글,2026-02-25,44006,129,109194.8,0.2931,846,0,0,0
DA,구글,2026-02-24,37077,102,97571.98,0.2751,957,0,0,0
DA,구글,2026-02-23,35621,106,102382.775,0.2976,966,0,0,0
DA,구글,2026-02-22,33696,89,80515.985,0.2641,905,1,0,80516
DA,구글,2026-02-21,33266,89,80032.755,0.2675,899,0,0,0
DA,구글,2026-02-20,41599,100,97709.865,0.2404,977,0,0,0
DA,구글,2026-02-19,31788,86,76946.155,0.2705,895,0,0,0
DA,구글,2026-02-18,9936,31,21878.175,0.312,706,0,0,0
DA,구글,2026-02-17,12563,30,29702.2,0.2388,990,0,0,0
DA,구글,2026-02-16,12586,44,30984.91,0.3496,704,0,0,0
DA,구글,2026-02-15,12158,23,27692.115,0.1892,1204,0,0,0
DA,구글,2026-02-14,15099,31,28495.39,0.2053,919,0,0,0
DA,구글,2026-02-13,12440,20,25117.84,0.1608,1256,0,0,0
DA,구글,2026-02-12,9966,15,23496.11,0.1505,1566,0,0,0
DA,구글,2026-02-11,13608,26,27511.22,0.1911,1058,0,0,0
DA,구글,2026-02-10,10895,21,25766.785,0.1927,1227,0,0,0
DA,구글,2026-02-09,12864,32,27383.455,0.2488,856,0,0,0
DA,구글,2026-02-08,11320,23,25870.515,0.2032,1125,0,0,0
DA,구글,2026-02-07,10021,20,22987.58,0.1996,1149,0,0,0
DA,구글,2026-02-06,13624,19,27121.6,0.1395,1427,0,0,0
DA,구글,2026-02-05,14895,26,30714.2,0.1746,1181,0,0,0
DA,구글,2026-02-04,11305,14,23162.15,0.1238,1654,0,0,0
DA,구글,2026-02-03,10713,29,19679.605,0.2707,679,0,0,0
DA,구글,2026-02-02,5233,10,15500.045,0.1911,1550,0,0,0
DA,구글,2026-01-31,3163,6,9444.49,0.1897,1574,0,0,0
DA,구글,2026-01-30,3889,7,10117.47,0.18,1445,0,0,0
DA,구글,2026-01-29,3338,0,10599.435,0,0,0,0,0
DA,구글,2026-01-28,3523,7,11803.715,0.1987,1686,0,0,0
DA,구글,2026-01-27,3188,11,11267.355,0.345,1024,0,0,0
DA,구글,2026-01-26,4288,6,13360.93,0.1399,2227,0,0,0
DA,구글,2026-01-25,11257,28,24761.11,0.2487,884,0,0,0
DA,구글,2026-01-24,9342,16,22304.48,0.1713,1394,0,0,0
DA,구글,2026-01-23,9341,22,24379.08,0.2355,1108,0,0,0
DA,구글,2026-01-22,9841,41,20114.765,0.4166,491,0,0,0
DA,구글,2026-01-21,9082,20,18224.855,0.2202,911,0,0,0
DA,구글,2026-01-20,8447,20,21103.995,0.2368,1055,0,0,0
DA,구글,2026-01-19,8910,25,20821.9,0.2806,833,0,0,0
DA,구글,2026-01-18,9132,22,19923.75,0.2409,906,0,0,0
DA,구글,2026-01-17,9590,15,19871.885,0.1564,1325,0,0,0
DA,구글,2026-01-16,9104,25,20180.545,0.2746,807,0,0,0
DA,구글,2026-01-15,11207,26,22074.25,0.232,849,0,0,0
DA,구글,2026-01-14,10818,25,20523.36,0.2311,821,0,0,0
DA,구글,2026-01-13,12080,27,21938.895,0.2235,813,0,0,0
DA,구글,2026-01-12,11227,20,23178.595,0.1781,1159,0,0,0
DA,구글,2026-01-11,16791,26,29915.985,0.1548,1151,0,0,0
DA,구글,2026-01-10,15704,43,27143.105,0.2738,631,0,0,0
DA,구글,2026-01-09,17375,41,29660.455,0.236,723,0,0,0
DA,구글,2026-01-08,16896,33,28772.425,0.1953,872,0,0,0
DA,구글,2026-01-07,17729,29,31723.67,0.1636,1094,0,0,0
DA,구글,2026-01-06,17773,27,30090.555,0.1519,1114,0,0,0
DA,구글,2026-01-05,15247,26,23458.16,0.1705,902,0,0,0
DA,구글,2026-01-04,12888,19,18891.51,0.1474,994,0,0,0
DA,구글,2026-01-03,13547,12,22159.005,0.0886,1847,0,0,0
DA,구글,2026-01-02,13424,19,22370.26,0.1415,1177,0,0,0
DA,구글,2026-01-01,17552,46,70888.07,0.2621,1541,0,0,0
DA,네이버,2026-06-30,127617,979,639645,0.7671,653,739,17651150,866
DA,네이버,2026-06-29,127263,1007,617923,0.7913,614,869,17674020,711
DA,네이버,2026-06-28,110228,918,529270,0.8328,577,808,20075010,655
DA,네이버,2026-06-27,110017,890,518470,0.809,583,867,17831140,598
DA,네이버,2026-06-26,98529,673,511042,0.683,759,674,11023860,758
DA,네이버,2026-06-25,26874,228,107347,0.8484,471,392,8474730,274
DA,네이버,2026-06-24,32817,266,119944,0.8106,451,348,8124060,345
DA,네이버,2026-06-23,25238,278,121796,1.1015,438,470,12095750,259
DA,네이버,2026-06-22,45185,393,149919,0.8698,381,446,11888830,336
DA,네이버,2026-06-21,38002,371,169353,0.9763,456,508,11092200,333
DA,네이버,2026-06-20,25018,275,159511,1.0992,580,394,8119600,405
DA,네이버,2026-06-19,21946,212,171013,0.966,807,424,18442620,403
DA,네이버,2026-06-18,84725,333,181674,0.393,546,324,5727650,561
DA,네이버,2026-06-17,69295,284,176850,0.4098,623,296,8501870,597
DA,네이버,2026-06-16,66973,300,183652,0.4479,612,265,4138400,693
DA,네이버,2026-06-15,47668,206,140133,0.4322,680,251,5997050,558
DA,네이버,2026-06-14,62223,268,141804,0.4307,529,298,7661200,476
DA,네이버,2026-06-13,61557,272,138944,0.4419,511,201,5035640,691
DA,네이버,2026-06-12,46044,183,146677,0.3974,802,232,5230490,632
DA,네이버,2026-06-11,62347,289,206174,0.4635,713,367,7661580,562
DA,네이버,2026-06-10,74328,338,298599,0.4547,883,497,10604950,601
DA,네이버,2026-06-09,85013,366,250130,0.4305,683,445,8088360,562
DA,네이버,2026-06-08,115392,361,271560,0.3128,752,339,6573260,801
DA,네이버,2026-06-07,138702,395,259440,0.2848,657,442,8662980,587
DA,네이버,2026-06-06,135088,389,270220,0.288,695,435,8278660,621
DA,네이버,2026-06-05,122411,401,286266,0.3276,714,370,6995560,774
DA,네이버,2026-06-04,217751,588,381546,0.27,649,409,9059870,933
DA,네이버,2026-06-03,231191,589,378495,0.2548,643,528,12820670,717
DA,네이버,2026-06-02,181084,527,384614,0.291,730,490,9162050,785
DA,네이버,2026-06-01,208830,547,387861,0.2619,709,498,10827760,779
DA,네이버,2026-05-31,396899,1046,791721,0.2635,757,545,21825910,1453
DA,네이버,2026-05-30,450737,1046,850506,0.2321,813,475,11012070,1791
DA,네이버,2026-05-29,392021,960,871059,0.2449,907,520,10461710,1675
DA,네이버,2026-05-28,554692,1080,779070,0.1947,721,400,9946750,1948
DA,네이버,2026-05-27,468131,1009,830058,0.2155,823,549,13261150,1512
DA,네이버,2026-05-26,472755,1101,830124,0.2329,754,498,9470390,1667
DA,네이버,2026-05-25,467625,1093,830824,0.2337,760,725,13316270,1146
DA,네이버,2026-05-24,533330,973,778064,0.1824,800,429,11537360,1814
DA,네이버,2026-05-23,487265,1060,790950,0.2175,746,432,10426550,1831
DA,네이버,2026-05-22,435339,921,824673,0.2116,895,458,11015190,1801
DA,네이버,2026-05-21,508576,1011,829643,0.1988,821,418,8021190,1985
DA,네이버,2026-05-20,323699,515,233570,0.1591,454,198,5614700,1180
DA,네이버,2026-05-19,345866,476,234966,0.1376,494,240,5297530,979
DA,네이버,2026-05-18,24268,114,51206,0.4698,449,218,5541780,235
DA,네이버,2026-05-17,25610,144,54919,0.5623,381,186,5923750,295
DA,네이버,2026-05-16,29855,112,54906,0.3751,490,209,4193900,263
DA,네이버,2026-05-15,13786,77,54163,0.5585,703,127,3227980,426
DA,네이버,2026-05-14,11628,70,51699,0.602,739,118,3786700,438
DA,네이버,2026-05-13,9516,65,57331,0.6831,882,99,2147450,579
DA,네이버,2026-05-12,10078,76,55124,0.7541,725,205,4065300,269
DA,네이버,2026-05-11,10601,87,44282,0.8207,509,188,3377000,236
DA,네이버,2026-05-10,13450,91,52896,0.6766,581,226,3841050,234
DA,네이버,2026-05-09,12418,72,54184,0.5798,753,195,2895300,278
DA,네이버,2026-05-08,0,0,0,0,0,104,1061270,0
DA,네이버,2026-05-07,0,0,0,0,0,198,3600800,0
DA,네이버,2026-05-06,0,0,0,0,0,273,4257850,0
DA,네이버,2026-05-05,0,0,0,0,0,490,4717860,0
DA,네이버,2026-05-04,2459029,14970,4419830,0.6088,295,8478,169195310,521
DA,네이버,2026-05-03,2642700,14879,4407091,0.563,296,6531,70490560,675
DA,네이버,2026-05-02,2933812,16913,4416861,0.5765,261,5577,78527640,792
DA,네이버,2026-05-01,3438531,14918,4360685,0.4338,292,4407,70028250,989
DA,네이버,2026-04-30,2317310,11940,3296191,0.5153,276,3819,50063100,863
DA,네이버,2026-04-29,1266839,7044,2481740,0.556,352,3508,52110270,707
DA,네이버,2026-04-28,1283321,8062,2553267,0.6282,317,3372,44569120,757
DA,네이버,2026-04-27,1197812,8757,1809322,0.7311,207,4212,72845260,430
DA,네이버,2026-04-26,1395370,10447,1818397,0.7487,174,5258,59427900,346
DA,네이버,2026-04-25,1282824,11327,1839452,0.883,162,5029,43788690,366
DA,네이버,2026-04-24,1328846,8090,1800652,0.6088,223,4679,68495100,385
DA,네이버,2026-04-23,1366539,9295,1046334,0.6802,113,1244,70600,841
DA,네이버,2026-04-22,965064,6995,805137,0.7248,115,517,194000,1557
DA,네이버,2026-04-21,966642,5427,742726,0.5614,137,159,34500,4671
DA,네이버,2026-04-20,826011,4407,649348,0.5335,147,15,0,43290
DA,네이버,2026-03-31,21253,109,18761,0.5129,172,0,0,0
DA,네이버,2026-03-30,21269,106,18182,0.4984,172,0,0,0
DA,네이버,2026-03-29,19127,111,18445,0.5803,166,0,0,0
DA,네이버,2026-03-28,18111,104,18008,0.5742,173,0,0,0
DA,네이버,2026-03-27,20217,105,17558,0.5194,167,0,0,0
DA,네이버,2026-03-26,16559,94,14639,0.5677,156,0,0,0
DA,네이버,2026-03-25,18662,112,17236,0.6002,154,0,0,0
DA,네이버,2026-03-24,20818,111,17208,0.5332,155,0,0,0
DA,네이버,2026-03-23,15771,119,18796,0.7545,158,6,0,3133
DA,네이버,2026-03-22,24013,113,18500,0.4706,164,1,0,18500
DA,네이버,2026-03-21,22459,112,17753,0.4987,159,0,0,0
DA,네이버,2026-03-20,18315,106,18135,0.5788,171,1,0,18135
DA,네이버,2026-03-19,18103,112,18972,0.6187,169,9,33900,2108
DA,네이버,2026-03-18,16837,102,18141,0.6058,178,9,92400,2016
DA,네이버,2026-03-17,17854,100,17619,0.5601,176,0,0,0
DA,네이버,2026-03-16,18666,100,17401,0.5357,174,1,0,17401
DA,네이버,2026-03-15,23715,85,14681,0.3584,173,5,0,2936
DA,네이버,2026-03-14,21513,97,17422,0.4509,180,0,0,0
DA,네이버,2026-03-13,176688,543,472152,0.3073,870,0,0,0
DA,네이버,2026-03-12,240296,845,629093,0.3516,744,9,42800,69899
DA,네이버,2026-03-11,113843,417,114777,0.3663,275,3,109800,38259
DA,네이버,2026-03-10,83431,400,61224,0.4794,153,0,0,0
DA,네이버,2026-03-09,76330,422,62365,0.5529,148,3,0,20788
DA,네이버,2026-03-08,166010,628,119206,0.3783,190,13,377490,9170
DA,네이버,2026-03-07,149578,588,100781,0.3931,171,1,0,100781
DA,네이버,2026-03-06,136096,605,100960,0.4445,167,0,0,0
DA,네이버,2026-03-05,138989,539,119599,0.3878,222,4,219000,29900
DA,네이버,2026-03-04,252131,977,320519,0.3875,328,3,0,106840
DA,네이버,2026-03-03,267641,691,391840,0.2582,567,5,0,78368
DA,네이버,2026-03-02,285321,857,384093,0.3004,448,2,0,192047
DA,네이버,2026-03-01,292817,878,376926,0.2998,429,4,99800,94232
DA,네이버,2026-02-28,257052,768,389696,0.2988,507,3,31700,129899
DA,네이버,2026-02-27,256363,898,453005,0.3503,504,3,0,151002
DA,네이버,2026-01-22,0,0,0,0,0,4,69900,0
DA,네이버,2026-01-11,0,0,0,0,0,4,0,0
DA,네이버,2026-01-04,0,0,0,0,0,10,58700,0
DA,네이버,2026-01-03,0,0,0,0,0,6,0,0
DA,네이버,2026-01-02,0,0,0,0,0,18,0,0
DA,네이버,2026-01-01,0,0,0,0,0,8,37700,0
DA,모비온,2026-05-30,0,0,0,0,0,12,555360,0
DA,모비온,2026-05-29,0,0,0,0,0,37,3783000,0
DA,모비온,2026-05-28,0,0,0,0,0,60,3324270,0
DA,모비온,2026-05-27,0,0,0,0,0,62,6246900,0
DA,모비온,2026-05-26,0,0,0,0,0,80,6526170,0
DA,모비온,2026-05-25,0,0,0,0,0,141,8374110,0
DA,모비온,2026-05-24,0,0,0,0,0,113,7357140,0
DA,모비온,2026-05-23,0,0,0,0,0,94,6497240,0
DA,모비온,2026-05-22,0,0,0,0,0,99,5686880,0
DA,모비온,2026-05-21,0,0,0,0,0,122,6884440,0
DA,모비온,2026-05-20,0,0,0,0,0,117,8847090,0
DA,모비온,2026-05-19,0,0,0,0,0,136,8044220,0
DA,모비온,2026-05-18,0,0,0,0,0,155,10383950,0
DA,모비온,2026-05-17,0,0,0,0,0,145,10621510,0
DA,모비온,2026-05-16,0,0,0,0,0,126,7844490,0
DA,모비온,2026-05-15,0,0,0,0,0,96,5754680,0
DA,모비온,2026-05-14,0,0,0,0,0,103,8260740,0
DA,모비온,2026-05-13,0,0,0,0,0,108,5971100,0
DA,모비온,2026-05-12,0,0,0,0,0,121,9722520,0
DA,모비온,2026-05-11,0,0,0,0,0,125,7182450,0
DA,모비온,2026-05-10,0,0,0,0,0,104,5311930,0
DA,모비온,2026-05-09,0,0,0,0,0,113,5851260,0
DA,모비온,2026-05-08,0,0,0,0,0,88,4835640,0
DA,모비온,2026-05-07,0,0,0,0,0,86,5080930,0
DA,모비온,2026-05-06,0,0,0,0,0,114,8154910,0
DA,모비온,2026-05-05,0,0,0,0,0,161,11164360,0
DA,모비온,2026-05-04,0,0,0,0,0,1521,125879470,0
DA,모비온,2026-05-03,0,0,0,0,0,738,52611280,0
DA,모비온,2026-05-02,0,0,0,0,0,584,42736990,0
DA,모비온,2026-05-01,0,0,0,0,0,514,44361170,0
DA,모비온,2026-04-30,2595735,12187,232416.8,0.4695,19,365,23901430,637
DA,모비온,2026-04-29,884043,16574,750437.6,1.8748,45,395,32648790,1900
DA,모비온,2026-04-28,717847,14506,768674.5,2.0208,53,398,30804660,1931
DA,모비온,2026-04-27,799729,13922,775997.2,1.7408,56,499,35427490,1555
DA,모비온,2026-04-26,573968,14314,678425,2.4939,47,510,43233100,1330
DA,모비온,2026-04-25,1367686,22195,752405.5,1.6228,34,439,40172480,1714
DA,모비온,2026-04-24,800801,8449,563224.2,1.0551,67,934,93250150,603
DA,모비온,2026-04-23,439267,17309,769147.5,3.9404,44,44,2078030,17481
DA,모비온,2026-04-22,555974,20144,897316.2,3.6232,45,74,3554120,12126
DA,모비온,2026-04-21,600210,18192,930007.1,3.0309,51,22,1283650,42273
DA,모비온,2026-04-20,620513,11443,610040.2,1.8441,53,7,359020,87149
DA,카카오모먼트,2026-05-05,46,0,0,0,0,0,0,0
DA,카카오모먼트,2026-05-04,453766,2553,560919,0.5626,220,14,365850,40066
DA,카카오모먼트,2026-05-03,400905,2375,566515,0.5924,239,6,297560,94419
DA,카카오모먼트,2026-05-02,301821,2363,566817,0.7829,240,14,135630,40487
DA,카카오모먼트,2026-05-01,227580,2258,567333,0.9922,251,9,88200,63037
DA,카카오모먼트,2026-04-30,431776,2033,565818,0.4708,278,20,199790,28291
DA,카카오모먼트,2026-04-29,588884,2445,567217,0.4152,232,7,0,81031
DA,카카오모먼트,2026-04-28,458233,2464,565942,0.5377,230,12,122040,47162
DA,카카오모먼트,2026-04-27,400036,3187,567685,0.7967,178,8,44910,70961
DA,카카오모먼트,2026-04-26,216049,3049,567762,1.4113,186,10,199020,56776
DA,카카오모먼트,2026-04-25,268360,3714,564735,1.384,152,15,425730,37649
DA,카카오모먼트,2026-04-24,353424,4503,568968,1.2741,126,27,158400,21073
DA,페이스북,2026-06-30,168998,4683,1267256.76,2.771,271,90,7838320,14081
DA,페이스북,2026-06-29,161942,4634,1192391.53,2.8615,257,105,8216110,11356
DA,페이스북,2026-06-28,160784,4904,1168534.895,3.0501,238,113,7832656,10341
DA,페이스북,2026-06-27,149020,4446,1078666.765,2.9835,243,79,6925116,13654
DA,페이스북,2026-06-26,130633,3976,1045750.2,3.0436,263,67,4968981,15608
DA,페이스북,2026-06-25,95433,2175,644409.975,2.2791,296,68,3940273,9477
DA,페이스북,2026-06-24,111080,2103,665123.085,1.8932,316,62,3269282,10728
DA,페이스북,2026-06-23,93314,1560,452633.445,1.6718,290,71,3782580,6375
DA,페이스북,2026-06-22,126268,2380,670668.845,1.8849,282,71,3840538,9446
DA,페이스북,2026-06-21,183071,3768,876670.3,2.0582,233,68,4161063,12892
DA,페이스북,2026-06-20,200530,3533,844995.965,1.7618,239,82,5841635,10305
DA,페이스북,2026-06-19,90109,2638,595632.84,2.9276,226,66,4231990,9025
DA,페이스북,2026-06-18,73037,2648,867787.47,3.6256,328,48,3463460,18079
DA,페이스북,2026-06-17,73373,2937,838552.055,4.0028,286,67,3827400,12516
DA,페이스북,2026-06-16,55997,1986,595090.155,3.5466,300,48,2862870,12398
DA,페이스북,2026-06-15,26318,930,287953.215,3.5337,310,25,3175080,11518
DA,페이스북,2026-06-14,44803,1736,465503.555,3.8747,268,24,2271110,19396
DA,페이스북,2026-06-13,37274,1256,370243.995,3.3696,295,20,2794830,18512
DA,페이스북,2026-06-12,39421,1236,418679.58,3.1354,339,24,1431900,17445
DA,페이스북,2026-06-11,16451,548,147018.3,3.3311,268,6,339260,24503
DA,페이스북,2026-06-10,6336,267,71115.77,4.214,266,4,339860,17779
DA,페이스북,2026-06-09,6347,221,68988.04,3.482,312,9,618370,7665
DA,페이스북,2026-06-08,5966,237,63805.335,3.9725,269,8,981470,7976
DA,페이스북,2026-06-07,12761,451,96844.605,3.5342,215,17,2394590,5697
DA,페이스북,2026-06-06,9939,341,78834.8,3.4309,231,14,805600,5631
DA,페이스북,2026-06-05,14766,546,127398.15,3.6977,233,16,1592680,7962
DA,페이스북,2026-06-04,17335,688,160790.355,3.9688,234,36,2861920,4466
DA,페이스북,2026-06-03,23115,848,190624.115,3.6686,225,40,2921480,4766
DA,페이스북,2026-06-02,16366,663,177603.47,4.0511,268,23,1807730,7722
DA,페이스북,2026-06-01,20070,835,223044.8,4.1604,267,39,3465140,5719
DA,페이스북,2026-05-31,63554,2436,704691.02,3.833,289,51,3702890,13817
DA,페이스북,2026-05-30,49627,2027,568397.39,4.0845,280,42,2886310,13533
DA,페이스북,2026-05-29,49737,1910,606196.855,3.8402,317,53,3364990,11438
DA,페이스북,2026-05-28,60413,2258,654046.745,3.7376,290,79,7867130,8279
DA,페이스북,2026-05-27,81314,2441,747220.32,3.0019,306,173,11044622,4319
DA,페이스북,2026-05-26,70858,2338,644044.39,3.2996,275,163,12404827,3951
DA,페이스북,2026-05-25,84851,2788,753187.325,3.2858,270,219,16839587,3439
DA,페이스북,2026-05-24,87800,2709,755896.955,3.0854,279,140,9333346,5399
DA,페이스북,2026-05-23,71787,2236,502237.89,3.1148,225,98,6343730,5125
DA,페이스북,2026-05-22,78290,2444,642652.89,3.1217,263,128,7961728,5021
DA,페이스북,2026-05-21,57701,1756,503649.63,3.0433,287,132,9350480,3816
DA,페이스북,2026-05-20,73632,2394,563343.715,3.2513,235,138,11342571,4082
DA,페이스북,2026-05-19,104094,2132,743231.775,2.0481,349,131,9178955,5674
DA,페이스북,2026-05-18,105686,2537,817071.09,2.4005,322,142,10465418,5754
DA,페이스북,2026-05-17,99514,2893,819121.655,2.9071,283,155,13545915,5285
DA,페이스북,2026-05-16,79882,2229,649935.495,2.7904,292,118,6914513,5508
DA,페이스북,2026-05-15,81143,2170,638932.525,2.6743,294,106,7925788,6028
DA,페이스북,2026-05-14,88853,1720,635690.33,1.9358,370,118,10574993,5387
DA,페이스북,2026-05-13,93263,1985,664866.29,2.1284,335,103,7709310,6455
DA,페이스북,2026-05-12,83828,1910,575744.51,2.2785,301,123,7350118,4681
DA,페이스북,2026-05-11,99769,2258,670716.915,2.2632,297,124,7735170,5409
DA,페이스북,2026-05-10,89758,2436,585089.065,2.714,240,85,5099670,6883
DA,페이스북,2026-05-09,64708,1881,475862.64,2.9069,253,73,3650807,6519
DA,페이스북,2026-05-08,71033,1840,518417.24,2.5903,282,52,3440720,9970
DA,페이스북,2026-05-07,35255,1247,247896.99,3.5371,199,12,523710,20658
DA,페이스북,2026-05-06,11164,481,91053.435,4.3085,189,12,538970,7588
DA,페이스북,2026-05-05,13115,566,102704.085,4.3157,181,96,6862940,1070
DA,페이스북,2026-05-04,177640,1434,1400218.38,0.8073,976,3183,244981664,440
DA,페이스북,2026-05-03,333775,6260,2391906.275,1.8755,382,1507,112767051,1587
DA,페이스북,2026-05-02,316895,5882,2122605.485,1.8561,361,1215,100174771,1747
DA,페이스북,2026-05-01,345758,5299,2350798.835,1.5326,444,1215,101044908,1935
DA,페이스북,2026-04-30,247454,4310,1731726.81,1.7417,402,880,68451738,1968
DA,페이스북,2026-04-29,275848,4621,1976572.62,1.6752,428,1015,70059579,1947
DA,페이스북,2026-04-28,411392,6583,3075142.895,1.6002,467,1130,84017789,2721
DA,페이스북,2026-04-27,406347,6038,3211675.61,1.4859,532,1636,121469947,1963
DA,페이스북,2026-04-26,462071,8432,3498588.995,1.8248,415,1895,150797563,1846
DA,페이스북,2026-04-25,323193,5285,2747265.015,1.6352,520,1635,140333810,1680
DA,페이스북,2026-04-24,385935,6260,3962245.65,1.622,633,2947,259877890,1345
DA,페이스북,2026-04-23,145368,3925,948092.2,2.7,242,24,2131380,39504
DA,페이스북,2026-04-22,205301,6025,1150893.205,2.9347,191,83,4319950,13866
DA,페이스북,2026-04-21,125777,3809,838223.155,3.0284,220,27,1646570,31045
DA,페이스북,2026-04-20,180283,6574,941157.47,3.6465,143,29,1321360,32454
DA,페이스북,2026-04-19,16398,707,108323.215,4.3115,153,7,565170,15475
DA,페이스북,2026-04-18,12153,559,84725.905,4.5997,152,8,1080140,10591
DA,페이스북,2026-04-17,6679,287,59056.525,4.2971,206,0,0,0
DA,페이스북,2026-04-16,2260,32,16052.85,1.4159,502,1,58080,16053
DA,페이스북,2026-04-15,1449,39,14533.585,2.6915,373,0,0,0
DA,페이스북,2026-04-14,1300,41,14742.31,3.1538,360,0,0,0
DA,페이스북,2026-04-13,1310,28,13835.305,2.1374,494,2,99400,6918
DA,페이스북,2026-04-12,1276,46,14283.115,3.605,311,0,0,0
DA,페이스북,2026-04-11,1237,33,12585.485,2.6677,381,1,79500,12585
DA,페이스북,2026-04-10,1284,32,13644.29,2.4922,426,1,31140,13644
DA,페이스북,2026-04-09,1328,48,15936.47,3.6145,332,0,0,0
DA,페이스북,2026-04-08,1650,48,18605.62,2.9091,388,1,39800,18606
DA,페이스북,2026-04-07,3666,47,21579.635,1.2821,459,0,0,0
DA,페이스북,2026-04-06,3367,54,18180.58,1.6038,337,0,0,0
DA,페이스북,2026-04-05,4454,52,19603.705,1.1675,377,1,29300,19604
DA,페이스북,2026-04-04,2500,40,13388.76,1.6,335,1,32220,13389
DA,페이스북,2026-04-03,2634,30,17214.12,1.139,574,2,105400,8607
DA,페이스북,2026-04-02,2393,50,17553.14,2.0894,351,1,39800,17553
DA,페이스북,2026-04-01,1141,24,11448.25,2.1034,477,0,0,0
DA,페이스북,2026-03-13,0,0,0,0,0,8,440520,0
DA,페이스북,2026-03-12,0,0,0,0,0,10,527480,0
DA,페이스북,2026-03-11,0,0,0,0,0,11,594310,0
DA,페이스북,2026-03-10,0,0,0,0,0,13,913830,0
DA,페이스북,2026-03-09,0,0,0,0,0,39,2252579,0
DA,페이스북,2026-03-08,11815,183,129537.265,1.5489,708,150,14919753,864
DA,페이스북,2026-03-07,13832,222,140945.035,1.605,635,83,10657940,1698
DA,페이스북,2026-03-06,37767,175,213194.245,0.4634,1218,81,6998650,2632
DA,페이스북,2026-03-05,29215,230,191136.44,0.7873,831,128,8544460,1493
DA,페이스북,2026-03-04,89993,325,402722.87,0.3611,1239,140,10211610,2877
DA,페이스북,2026-03-03,66740,315,314787.66,0.472,999,102,6630880,3086
DA,페이스북,2026-03-02,71611,303,358732.495,0.4231,1184,133,11440610,2697
DA,페이스북,2026-03-01,53780,259,296269.325,0.4816,1144,49,3016900,6046
DA,페이스북,2026-02-28,23741,255,219915.19,1.0741,862,88,5764670,2499
DA,페이스북,2026-02-27,60091,302,260025.81,0.5026,861,94,5474850,2766
DA,페이스북,2026-02-26,51515,30,173110.19,0.0582,5770,98,8579330,1766
DA,페이스북,2026-02-25,52680,43,175129.13,0.0816,4073,116,7196810,1510
DA,페이스북,2026-02-24,57930,49,189717.11,0.0846,3872,90,9528050,2108
DA,페이스북,2026-02-23,61435,50,182381.375,0.0814,3648,135,10936610,1351
DA,페이스북,2026-02-22,68885,55,212191.1,0.0798,3858,92,7174760,2306
DA,페이스북,2026-02-21,44097,38,146629.945,0.0862,3859,72,5995000,2037
DA,페이스북,2026-02-20,62700,45,193328.685,0.0718,4296,76,6482985,2544
DA,페이스북,2026-02-19,51699,34,179635.06,0.0658,5283,51,3125010,3522
DA,페이스북,2026-02-18,37145,23,121738.54,0.0619,5293,5,255240,24348
DA,페이스북,2026-02-17,36761,30,127181.835,0.0816,4239,3,155500,42394
DA,페이스북,2026-02-16,37618,27,135705.405,0.0718,5026,4,307610,33926
DA,페이스북,2026-02-15,36134,16,141032.32,0.0443,8815,2,80420,70516
DA,페이스북,2026-02-14,23743,27,115426.19,0.1137,4275,2,51170,57713
DA,페이스북,2026-02-13,26151,18,115832.255,0.0688,6435,1,0,115832
DA,페이스북,2026-02-12,29160,12,133766.16,0.0412,11147,4,221700,33442
DA,페이스북,2026-02-11,29467,13,118286.355,0.0441,9099,2,37480,59143
DA,페이스북,2026-02-10,32145,22,128018,0.0684,5819,7,370150,18288
DA,페이스북,2026-02-09,33864,23,129510.7,0.0679,5631,5,284800,25902
DA,페이스북,2026-02-08,36080,27,140761.61,0.0748,5213,1,30400,140762
DA,페이스북,2026-02-07,17197,14,85684.775,0.0814,6120,4,269830,21421
DA,페이스북,2026-02-06,28839,25,110652.08,0.0867,4426,2,41850,55326
DA,페이스북,2026-02-05,34875,32,143500.335,0.0918,4484,1,31500,143500
DA,페이스북,2026-02-04,38518,23,140304.945,0.0597,6100,2,126160,70152
DA,페이스북,2026-02-03,38464,26,156293.28,0.0676,6011,3,105340,52098
DA,페이스북,2026-02-02,9257,10,33229.02,0.108,3323,0,0,0
DA,페이스북,2026-02-01,0,0,0,0,0,1,124290,0
DA,페이스북,2026-01-31,6033,4,18656.22,0.0663,4664,1,8500,18656
DA,페이스북,2026-01-30,8065,10,31178.455,0.124,3118,3,109310,10393
DA,페이스북,2026-01-29,15548,7,46825.24,0.045,6689,3,172570,15608
DA,페이스북,2026-01-28,16497,16,54400.06,0.097,3400,2,90700,27200
DA,페이스북,2026-01-27,17004,16,58306.38,0.0941,3644,1,50900,58306
DA,페이스북,2026-01-26,18708,11,63797.745,0.0588,5800,3,148460,21266
DA,페이스북,2026-01-25,26246,30,88401.995,0.1143,2947,3,132640,29467
DA,페이스북,2026-01-24,20195,28,71768.51,0.1386,2563,4,409540,17942
DA,페이스북,2026-01-23,23220,20,83517.83,0.0861,4176,1,34940,83518
DA,페이스북,2026-01-22,21843,32,79555.85,0.1465,2486,3,141110,26519
DA,페이스북,2026-01-21,22657,15,76388.29,0.0662,5093,3,111700,25463
DA,페이스북,2026-01-20,23843,19,82390.715,0.0797,4336,2,117260,41195
DA,페이스북,2026-01-19,24349,26,85908.68,0.1068,3304,3,331380,28636
DA,페이스북,2026-01-18,26579,33,93033.16,0.1242,2819,2,63900,46517
DA,페이스북,2026-01-17,19876,19,68384.635,0.0956,3599,1,115600,68385
DA,페이스북,2026-01-16,22009,14,70517.425,0.0636,5037,1,8400,70517
DA,페이스북,2026-01-15,23943,38,80012.515,0.1587,2106,8,403610,10002
DA,페이스북,2026-01-14,24341,23,84041.54,0.0945,3654,5,400200,16808
DA,페이스북,2026-01-13,25572,25,92494.27,0.0978,3700,5,236000,18499
DA,페이스북,2026-01-12,30254,40,107388.38,0.1322,2685,7,1047340,15341
DA,페이스북,2026-01-11,42875,37,133812.965,0.0863,3617,7,939880,19116
DA,페이스북,2026-01-10,35542,45,112304.17,0.1266,2496,6,300912,18717
DA,페이스북,2026-01-09,39127,34,127595.49,0.0869,3753,4,180300,31899
DA,페이스북,2026-01-08,38517,31,120673.41,0.0805,3893,3,162100,40224
DA,페이스북,2026-01-07,41209,33,118916.325,0.0801,3604,9,386480,13213
DA,페이스북,2026-01-06,43003,38,127959.81,0.0884,3367,5,215260,25592
DA,페이스북,2026-01-05,45019,49,126093.935,0.1088,2573,8,340500,15762
DA,페이스북,2026-01-04,50395,68,135907.805,0.1349,1999,7,332740,19415
DA,페이스북,2026-01-03,37033,42,101862.86,0.1134,2425,9,941310,11318
DA,페이스북,2026-01-02,49729,72,138517.5,0.1448,1924,6,257970,23086
DA,페이스북,2026-01-01,16823,61,60456.88,0.3626,991,0,0,0
SA,구글,2026-06-30,5218,1848,215494.015,35.4159,117,76,4096094,2835
SA,구글,2026-06-29,4919,1819,187150.425,36.9791,103,90,3397483,2079
SA,구글,2026-06-28,2813,965,137039.98,34.305,142,45,2474600,3045
SA,구글,2026-06-27,7525,1560,310002.165,20.7309,199,54,2649950,5741
SA,구글,2026-06-26,4134,1154,55092.015,27.9149,48,47,2102150,1172
SA,구글,2026-06-23,763,393,22406.945,51.5072,57,20,461950,1120
SA,구글,2026-06-22,5805,1686,369448.31,29.0439,219,74,2682950,4993
SA,구글,2026-06-21,8302,1897,511676.055,22.8499,270,72,1979420,7107
SA,구글,2026-06-20,7189,1678,220949.96,23.3412,132,63,1125679,3507
SA,구글,2026-06-19,5384,1474,103097.5,27.3774,70,51,1770995,2022
SA,구글,2026-06-18,5637,1935,97921.12,34.3268,51,59,1996034,1660
SA,구글,2026-06-17,6119,2101,121848.595,34.3357,58,68,3707766,1792
SA,구글,2026-06-16,5765,1950,91412.695,33.8248,47,61,2328318,1499
SA,구글,2026-06-15,5862,2036,101044.405,34.7322,50,59,1680205,1713
SA,구글,2026-06-14,4044,1813,112151.105,44.8318,62,61,2706661,1839
SA,구글,2026-06-13,5914,1616,138351.785,27.325,86,50,1481020,2767
SA,구글,2026-06-12,5434,1771,93453.14,32.5911,53,45,1208800,2077
SA,구글,2026-06-11,5334,1921,86999.11,36.0142,45,53,2564828,1641
SA,구글,2026-06-10,5834,1973,89112.925,33.819,45,66,2299028,1350
SA,구글,2026-06-09,5615,2000,68631.31,35.6189,34,48,1536868,1430
SA,구글,2026-06-08,6045,2198,95649.18,36.3606,44,72,2420415,1328
SA,구글,2026-06-07,6286,2096,104141.125,33.3439,50,0,0,0
SA,구글,2026-06-06,3748,1622,104504.18,43.2764,64,0,0,0
SA,구글,2026-06-05,5669,1808,107139.175,31.8928,59,0,0,0
SA,구글,2026-06-04,5566,2070,73817.81,37.1901,36,0,0,0
SA,구글,2026-06-03,7074,2181,169583.37,30.8312,78,0,0,0
SA,구글,2026-06-02,6025,2082,101284.755,34.556,49,0,0,0
SA,구글,2026-06-01,5911,2250,102742.035,38.0646,46,0,0,0
SA,구글,2026-05-31,7784,2434,314167.81,31.2693,129,0,0,0
SA,구글,2026-05-30,7356,2031,287590.16,27.6101,142,70,2365522,4108
SA,구글,2026-05-29,6736,2129,367363.59,31.6063,173,49,1346800,7497
SA,구글,2026-05-28,9524,2421,515386.3,25.42,213,68,2854400,7579
SA,구글,2026-05-27,8263,2355,356838.79,28.5005,152,70,1431800,5098
SA,구글,2026-05-26,9632,2569,525319.08,26.6715,204,107,5589250,4910
SA,구글,2026-05-25,9108,2304,483801.78,25.2964,210,71,2250352,6814
SA,구글,2026-05-24,7516,1924,457575.8,25.5987,238,69,3112187,6632
SA,구글,2026-05-23,7813,1698,599640.36,21.733,353,48,1263233,12493
SA,구글,2026-05-22,7998,1883,501467.505,23.5434,266,60,1926733,8358
SA,구글,2026-05-21,7396,1913,404710.185,25.8653,212,58,1426067,6978
SA,구글,2026-05-20,8963,2267,560354.52,25.2929,247,66,2870971,8490
SA,구글,2026-05-19,8893,2271,484354.585,25.5369,213,66,2019229,7339
SA,구글,2026-05-18,8670,2565,414890.905,29.5848,162,103,4081500,4028
SA,구글,2026-05-17,7158,2365,533187.38,33.04,225,78,2374600,6836
SA,구글,2026-05-16,6782,2083,528484.11,30.7137,254,58,1459800,9112
SA,구글,2026-05-15,9053,2171,555270.485,23.981,256,58,995600,9574
SA,구글,2026-05-14,8734,2327,524534.78,26.643,225,63,2635250,8326
SA,구글,2026-05-13,9015,2388,627789.14,26.4892,263,61,1534650,10292
SA,구글,2026-05-12,10507,2338,654066.985,22.2518,280,79,1019802,8279
SA,구글,2026-05-11,10587,2498,608624.39,23.595,244,78,3501220,7803
SA,구글,2026-05-10,4545,1725,127300.745,37.9538,74,58,1449544,2195
SA,구글,2026-05-09,2737,1201,89524.05,43.8802,75,44,3022606,2035
SA,구글,2026-05-08,3418,810,85569.66,23.6981,106,26,1071000,3291
SA,구글,2026-05-04,23433,4667,2452260.69,19.9164,525,244,11187504,10050
SA,구글,2026-05-03,26317,3867,2407694.74,14.6939,623,201,9925909,11979
SA,구글,2026-05-02,26553,3947,2096755.21,14.8646,531,157,7064981,13355
SA,구글,2026-05-01,17085,3180,1381352.17,18.6128,434,160,7098971,8633
SA,구글,2026-04-30,12694,3187,1336577.495,25.1063,419,112,3258561,11934
SA,구글,2026-04-29,25374,4064,2130615.465,16.0164,524,179,5880061,11903
SA,구글,2026-04-28,15659,3919,703341.265,25.0271,179,165,6425002,4263
SA,구글,2026-04-27,20361,4304,1045005.115,21.1385,243,230,8547370,4544
SA,구글,2026-04-26,9688,1816,1452717.145,18.7448,800,78,3019700,18625
SA,구글,2026-04-25,22944,4179,1456854.96,18.2139,349,186,10701866,7833
SA,구글,2026-04-24,13205,3761,281583.94,28.4816,75,244,14000733,1154
SA,네이버,2026-06-30,130559,11519,95738.5,8.8228,8,4419,26941330,22
SA,네이버,2026-06-29,103588,12821,97729.5,12.3769,8,5173,35049030,19
SA,네이버,2026-06-28,106202,12919,98056.2,12.1646,8,5679,32640650,17
SA,네이버,2026-06-27,48682,11026,93627.6,22.649,8,4284,35469980,22
SA,네이버,2026-06-26,150426,10485,96251.1,6.9702,9,4005,26595770,24
SA,네이버,2026-06-25,127735,9729,94477.9,7.6165,10,4181,27285890,23
SA,네이버,2026-06-24,44868,10277,94314,22.905,9,4369,30327000,22
SA,네이버,2026-06-23,157179,10635,94188.6,6.7662,9,3730,28364700,25
SA,네이버,2026-06-22,131796,11589,97548,8.7931,8,4753,38575720,21
SA,네이버,2026-06-21,109098,12488,101173.6,11.4466,8,4807,32140190,21
SA,네이버,2026-06-20,50476,11046,104065.5,21.8837,9,4240,25213870,25
SA,네이버,2026-06-19,109289,10903,98748.1,9.9763,9,3838,30936180,26
SA,네이버,2026-06-18,50456,10783,395487.4,21.3711,37,3930,31970170,101
SA,네이버,2026-06-17,92757,11526,447693.4,12.426,39,4048,32508580,111
SA,네이버,2026-06-16,117038,11418,411477,9.7558,36,4129,31931160,100
SA,네이버,2026-06-15,147521,11521,351303.7,7.8097,30,4221,30575110,83
SA,네이버,2026-06-14,103804,12624,386338.7,12.1614,31,4709,32548080,82
SA,네이버,2026-06-13,66613,10420,340837.2,15.6426,33,3569,24036180,95
SA,네이버,2026-06-12,135589,9665,386461.9,7.1282,40,3238,23825260,119
SA,네이버,2026-06-11,40401,10985,294043.2,27.1899,27,4044,31877500,73
SA,네이버,2026-06-10,43643,10778,133358.5,24.6958,12,3673,27746300,36
SA,네이버,2026-06-09,64837,11541,143028.6,17.8,12,3840,26045240,37
SA,네이버,2026-06-08,129055,12787,151823.1,9.9082,12,4134,30550260,37
SA,네이버,2026-06-07,130419,12571,152020,9.6389,12,4477,33512600,34
SA,네이버,2026-06-06,129757,10507,153676.6,8.0974,15,3876,32029920,40
SA,네이버,2026-06-05,279090,10655,306662.4,3.8178,29,3861,36142800,79
SA,네이버,2026-06-04,228884,11628,394949.5,5.0803,34,4066,47038670,97
SA,네이버,2026-06-03,190890,12839,390135.9,6.7259,30,5316,49329650,73
SA,네이버,2026-06-02,305878,11434,399192.2,3.7381,35,4198,42184440,95
SA,네이버,2026-06-01,299382,12336,396115.5,4.1205,32,5163,49616880,77
SA,네이버,2026-05-31,219793,13813,603911,6.2845,44,5328,43196480,113
SA,네이버,2026-05-30,233460,11337,615771.2,4.8561,54,4132,33067100,149
SA,네이버,2026-05-29,246839,10869,598328.5,4.4033,55,3862,32409760,155
SA,네이버,2026-05-28,276675,11855,607638.9,4.2848,51,4225,35947490,144
SA,네이버,2026-05-27,326151,12736,616700.7,3.9049,48,4945,41043610,125
SA,네이버,2026-05-26,325206,14006,636631.6,4.3068,45,5140,42030210,124
SA,네이버,2026-05-25,240959,14404,630130.6,5.9778,44,5979,53170180,105
SA,네이버,2026-05-24,289908,12733,615116.7,4.3921,48,4556,31015140,135
SA,네이버,2026-05-23,187446,11168,587507.8,5.958,53,3890,29694060,151
SA,네이버,2026-05-22,173498,10743,545822.2,6.192,51,3450,29766270,158
SA,네이버,2026-05-21,48035,11234,423905.9,23.3871,38,3536,21771520,120
SA,네이버,2026-05-20,23205,12069,310179.1,52.0103,26,3840,23245900,81
SA,네이버,2026-05-19,23679,12439,304525.1,52.5318,24,3734,17909600,82
SA,네이버,2026-05-18,26587,14102,297486.2,53.041,21,4139,24865110,72
SA,네이버,2026-05-17,27205,14378,297408.1,52.8506,21,4294,34393150,69
SA,네이버,2026-05-16,24922,12539,316776.9,50.313,25,3762,21725140,84
SA,네이버,2026-05-15,23273,11003,298818.3,47.278,27,3198,24348420,93
SA,네이버,2026-05-14,227965,11738,187731.5,5.149,16,3568,31101160,53
SA,네이버,2026-05-13,19823,11665,0,58.8458,0,3723,27028370,0
SA,네이버,2026-05-12,20296,11545,0,56.8831,0,3756,22593880,0
SA,네이버,2026-05-11,21140,11851,0,56.0596,0,3978,26037160,0
SA,네이버,2026-05-10,23685,12539,0,52.9407,0,4253,25525260,0
SA,네이버,2026-05-09,19688,10231,0,51.9657,0,3501,21489120,0
SA,네이버,2026-05-08,18475,9895,0,53.5589,0,3091,25140160,0
SA,네이버,2026-05-07,20353,11179,0,54.9256,0,3478,21638810,0
SA,네이버,2026-05-06,23577,12646,0,53.637,0,4102,29735980,0
SA,네이버,2026-05-05,31173,15254,0,48.9334,0,5025,28019540,0
SA,네이버,2026-05-04,2160415,32412,1779363.3,1.5003,55,34738,436599800,51
SA,네이버,2026-05-03,2097263,30938,1584927.3,1.4752,51,29809,243395500,53
SA,네이버,2026-05-02,1922138,25681,1302369.2,1.3361,51,21185,181493840,61
SA,네이버,2026-05-01,1767448,22978,1302249.3,1.3001,57,18122,172645200,72
SA,네이버,2026-04-30,1509977,20141,865879.3,1.3339,43,14405,129580930,60
SA,네이버,2026-04-29,1424117,24519,1204424.1,1.7217,49,17154,143976440,70
SA,네이버,2026-04-28,1713351,27002,1625697.7,1.576,60,18054,153489930,90
SA,네이버,2026-04-27,1155661,31597,1304309.6,2.7341,41,23669,193755510,55
SA,네이버,2026-04-26,953649,36461,1159537.5,3.8233,32,29569,194994930,39
SA,네이버,2026-04-25,1018467,34103,1167739.1,3.3485,34,28746,179029330,41
SA,네이버,2026-04-24,787834,41561,878819.7,5.2753,21,39651,251376180,22
SA,네이버,2026-04-23,36303,20920,0,57.6261,0,16784,14945980,0
SA,네이버,2026-04-22,31567,18706,0,59.2581,0,11383,18412000,0
SA,네이버,2026-04-21,28918,17280,0,59.7552,0,10066,12621730,0
SA,네이버,2026-04-20,28217,17160,0,60.8144,0,9234,16340070,0
SA,네이버,2026-04-19,26050,13475,0,51.7274,0,5983,27981480,0
SA,네이버,2026-04-18,21996,11022,0,50.1091,0,4077,17989470,0
SA,네이버,2026-04-17,20084,10603,0,52.7933,0,3982,17028810,0
SA,네이버,2026-04-16,21866,11967,0,54.7288,0,4404,23552620,0
SA,네이버,2026-04-15,22532,12184,0,54.0742,0,4719,23768530,0
SA,네이버,2026-04-14,22084,12007,0,54.3697,0,4751,21715740,0
SA,네이버,2026-04-13,23189,12516,0,53.9739,0,5125,28648580,0
SA,네이버,2026-04-12,24595,12649,0,51.4292,0,5396,26674450,0
SA,네이버,2026-04-11,21353,10621,0,49.7401,0,3841,18669200,0
SA,네이버,2026-04-10,20091,10467,0,52.098,0,3736,20824410,0
SA,네이버,2026-04-09,21673,10716,0,49.444,0,4282,25389420,0
SA,네이버,2026-04-08,21601,10593,0,49.0394,0,4173,28790660,0
SA,네이버,2026-04-07,23555,11481,0,48.7412,0,4980,34540670,0
SA,네이버,2026-04-06,23271,11806,0,50.7327,0,4729,28187290,0
SA,네이버,2026-04-05,25895,12777,0,49.3416,0,4948,26722420,0
SA,네이버,2026-04-04,21791,10230,0,46.946,0,4356,26768240,0
SA,네이버,2026-04-03,18977,9269,0,48.8433,0,3455,22095350,0
SA,네이버,2026-04-02,19604,9777,0,49.8725,0,4088,29173390,0
SA,네이버,2026-04-01,20294,9835,0,48.4626,0,4798,35341410,0
SA,네이버,2026-03-31,237797,12059,362843.8,5.0711,30,6235,65034800,58
SA,네이버,2026-03-30,242224,13254,268345,5.4718,20,5569,57922710,48
SA,네이버,2026-03-29,249341,12180,289993,4.8849,24,5771,64280500,50
SA,네이버,2026-03-28,218685,10303,272294,4.7113,26,4634,41122400,59
SA,네이버,2026-03-27,252901,9853,272547,3.896,28,4508,43049850,60
SA,네이버,2026-03-26,263209,10242,252208,3.8912,25,4622,48984840,55
SA,네이버,2026-03-25,291695,10796,267124,3.7011,25,5032,47778660,53
SA,네이버,2026-03-24,241270,10835,276826,4.4908,26,4884,54504050,57
SA,네이버,2026-03-23,290317,11901,283305,4.0993,24,5482,52990950,52
SA,네이버,2026-03-22,243396,1425,391006,0.5855,274,1582,34341250,247
SA,네이버,2026-03-21,210446,1349,366652,0.641,272,1587,28779160,231
SA,네이버,2026-03-20,243941,1249,349888,0.512,280,1470,34209800,238
SA,네이버,2026-03-19,218480,1244,319297,0.5694,257,1420,30101520,225
SA,네이버,2026-03-18,237101,1276,333498,0.5382,261,1346,44620980,248
SA,네이버,2026-03-17,337630,1357,394108,0.4019,290,1481,37158780,266
SA,네이버,2026-03-16,349660,1576,512897,0.4507,325,1586,32720150,323
SA,네이버,2026-03-15,281355,1513,530365,0.5378,351,1645,30585360,322
SA,네이버,2026-03-14,309377,1459,488114,0.4716,335,1276,26187450,383
SA,네이버,2026-03-13,136622,1411,471944,1.0328,334,1396,26132390,338
SA,네이버,2026-03-12,142292,1635,531487,1.149,325,1841,40696360,289
SA,네이버,2026-03-11,336051,1575,499829,0.4687,317,902,24619970,554
SA,네이버,2026-03-10,359668,1641,481393,0.4563,293,558,11470190,863
SA,네이버,2026-03-09,123177,1638,486244,1.3298,297,569,10565280,855
SA,네이버,2026-03-08,109876,1853,528517,1.6864,285,679,10006880,778
SA,네이버,2026-03-07,109558,1576,489467,1.4385,311,427,8989670,1146
SA,네이버,2026-03-06,96916,1362,454487,1.4053,334,325,7234110,1398
SA,네이버,2026-03-05,82297,1571,788832,1.9089,502,520,8873790,1517
SA,네이버,2026-03-04,152235,1872,1129557,1.2297,603,567,7482780,1992
SA,네이버,2026-03-03,422129,1895,1159774,0.4489,612,438,5784070,2648
SA,네이버,2026-03-02,332965,1998,1231131,0.6001,616,618,7435970,1992
SA,네이버,2026-03-01,227524,1448,743996,0.6364,514,387,6278850,1922
SA,네이버,2026-02-28,363076,1956,1103080,0.5387,564,527,10219890,2093
SA,네이버,2026-02-27,178610,2158,1165406,1.2082,540,556,8535500,2096
SA,네이버,2026-02-26,220013,2325,1267772,1.0568,545,695,12100400,1824
SA,네이버,2026-02-25,498208,2157,1414237,0.433,656,667,7207860,2120
SA,네이버,2026-02-24,460154,2245,1509255,0.4879,672,621,11587170,2430
SA,네이버,2026-02-23,217247,2341,1429175,1.0776,610,661,8902630,2162
SA,네이버,2026-02-22,228245,2342,1411333,1.0261,603,605,10884150,2333
SA,네이버,2026-02-21,262366,2200,1358533,0.8385,618,479,7497460,2836
SA,네이버,2026-02-20,254809,2231,1394580,0.8756,625,495,8337170,2817
SA,네이버,2026-02-19,424808,2165,1383074,0.5096,639,578,12267050,2393
SA,네이버,2026-02-18,393013,2192,1300827,0.5577,593,571,10437520,2278
SA,네이버,2026-02-17,409883,2458,1313015,0.5997,534,489,6651990,2685
SA,네이버,2026-02-16,408946,2356,1308109,0.5761,555,401,8904370,3262
SA,네이버,2026-02-15,433798,2410,1619211,0.5556,672,445,5330790,3639
SA,네이버,2026-02-14,572169,2154,1565069,0.3765,727,359,6213200,4360
SA,네이버,2026-02-13,463407,2147,1617462,0.4633,753,424,7749280,3815
SA,네이버,2026-02-12,451643,2393,1810710,0.5298,757,614,9210160,2949
SA,네이버,2026-02-11,571905,2366,1840080,0.4137,778,686,14710990,2682
SA,네이버,2026-02-10,577482,2361,1883519,0.4088,798,595,12315190,3166
SA,네이버,2026-02-09,294130,2600,1786136,0.884,687,628,9876100,2844
SA,네이버,2026-02-08,268609,2560,1690733,0.9531,660,710,10625010,2381
SA,네이버,2026-02-07,321469,2479,1704032,0.7711,687,583,7678970,2923
SA,네이버,2026-02-06,463703,2497,1666940,0.5385,668,619,10539890,2693
SA,네이버,2026-02-05,426585,2628,1709730,0.6161,651,762,21728370,2244
SA,네이버,2026-02-04,489900,2575,1712139,0.5256,665,803,9653390,2132
SA,네이버,2026-02-03,284340,2452,1597167,0.8623,651,650,11191600,2457
SA,네이버,2026-02-02,304163,2502,1680283,0.8226,672,659,8010630,2550
SA,네이버,2026-02-01,130203,1236,815265,0.9493,660,469,6320020,1738
SA,네이버,2026-01-31,319367,2635,2056604,0.8251,780,557,8713570,3692
SA,네이버,2026-01-30,516314,2836,2017092,0.5493,711,671,7633360,3006
SA,네이버,2026-01-29,465109,2707,1877480,0.582,694,689,8529860,2725
SA,네이버,2026-01-28,446635,2325,1589830,0.5206,684,590,8579710,2695
SA,네이버,2026-01-27,506146,2411,1596727,0.4763,662,525,8847890,3041
SA,네이버,2026-01-26,297419,2489,1639803,0.8369,659,588,7812140,2789
SA,네이버,2026-01-25,262406,2434,1604658,0.9276,659,612,8256540,2622
SA,네이버,2026-01-24,314171,2267,1621125,0.7216,715,515,7970140,3148
SA,네이버,2026-01-23,440014,2199,1610840,0.4998,733,500,7278160,3222
SA,네이버,2026-01-22,476730,2252,1640243,0.4724,728,537,7326650,3054
SA,네이버,2026-01-21,511954,2344,1744578,0.4579,744,663,14896270,2631
SA,네이버,2026-01-20,487291,2137,1514073,0.4385,709,518,6690140,2923
SA,네이버,2026-01-19,243711,2212,1515910,0.9076,685,568,6548960,2669
SA,네이버,2026-01-18,281978,2300,1518352,0.8157,660,717,8630630,2118
SA,네이버,2026-01-17,392219,2288,1480072,0.5833,647,552,7165160,2681
SA,네이버,2026-01-16,412379,2218,1505647,0.5379,679,601,7797860,2505
SA,네이버,2026-01-15,581726,2375,1533763,0.4083,646,609,10979080,2518
SA,네이버,2026-01-14,270703,2351,1469644,0.8685,625,625,8435610,2351
SA,네이버,2026-01-13,286431,2351,1531596,0.8208,651,660,8782870,2321
SA,네이버,2026-01-12,475175,2377,1496121,0.5002,629,539,6426490,2776
SA,네이버,2026-01-11,348239,2377,1494086,0.6826,629,600,7489790,2490
SA,네이버,2026-01-10,318903,2392,1458325,0.7501,610,578,7996350,2523
SA,네이버,2026-01-09,229575,2253,1471866,0.9814,653,554,8168520,2657
SA,네이버,2026-01-08,221943,2291,1439119,1.0322,628,546,12671310,2636
SA,네이버,2026-01-07,262866,2254,1451362,0.8575,644,448,6807780,3240
SA,네이버,2026-01-06,432862,2142,1419231,0.4948,663,557,8390660,2548
SA,네이버,2026-01-05,230019,2098,1457027,0.9121,694,595,9390410,2449
SA,네이버,2026-01-04,239039,1980,1410717,0.8283,712,432,8052380,3266
SA,네이버,2026-01-03,252819,2097,1381193,0.8294,659,522,6986540,2646
SA,네이버,2026-01-02,235957,1903,1422696,0.8065,748,458,4843650,3106
SA,네이버,2026-01-01,359265,1943,1392259,0.5408,717,493,7339500,2824
